movieId,avg_rating
2588,2.6666667
100157,3.2777777
